[
  {
    "id": 26,
    "name": "hamad",
    "roll_no": 3,
    "marks": 43.0
  },
  {
    "id": 27,
    "name": "danyal",
    "roll_no": 34,
    "marks": 43.0
  },
  {
    "id": 28,
    "name": "asad",
    "roll_no": 56,
    "marks": 76.0
  },
  {
    "id": 29,
    "name": "Muhammad Zohaib Aslam",
    "roll_no": 13298,
    "marks": 90.0
  },
  {
    "id": 30,
    "name": "ahmad",
    "roll_no": 8,
    "marks": 90.0
  },
  {
    "id": 31,
    "name": "gohar",
    "roll_no": 7,
    "marks": 100.0
  }
]